sort_year,size_median,bm_p30,bm_p70
2001,1790.0671,0.3361,0.8249
2002,1894.581,0.3616,0.7784
2003,1748.6506,0.4296,0.8616
2004,2368.2855,0.3601,0.6756
2005,2648.5152,0.3501,0.6313
2006,3062.6775,0.3369,0.6337
2007,3496.2185,0.3297,0.6153
2008,2884.8204,0.3497,0.7073
2009,1891.5954,0.5256,1.0986
2010,2377.8561,0.4313,0.8397
2011,3059.3979,0.3913,0.7644
2012,2768.7626,0.4367,0.8775
2013,3358.8613,0.3942,0.8179
2014,4386.0725,0.3176,0.6482
2015,3848.6146,0.3149,0.6839
2016,3357.436,0.3281,0.7837
2017,3875.6785,0.2941,0.6554
2018,4232.247,0.2775,0.6363
2019,4218.9689,0.3387,0.791
2020,3413.424,0.2885,0.7176
2021,5371.0206,0.2575,0.752
2022,3838.9266,0.2366,0.6301
2023,4135.3011,0.3113,0.7713
2024,4470.1076,0.2766,0.7619
2025,4542.4174,0.2622,0.7392
