date,WML
200101,-0.25482373161651206
200102,0.12817383987318884
200103,0.08789481534834398
200104,-0.07974645464281375
200105,0.022669750086945835
200106,0.0032572095066354216
200107,0.056046891969796696
200108,0.056117538653446146
200109,0.11404279632369099
200110,-0.08253624187567576
200111,-0.08628541366448697
200112,-0.0008868990070071137
200201,0.03539512846372355
200202,0.06437175511494739
200203,-0.01575653052215483
200204,0.07697112577018758
200205,0.031311058200639036
200206,0.06409806331499554
200207,0.035734479789335596
200208,0.01817339824726956
200209,0.09044041376096269
200210,-0.054824806214706985
200211,-0.16353629467498318
200212,0.09519739151785676
200301,0.01450334570529273
200302,0.011578723876439451
200303,0.015489288415331766
200304,-0.09385221007089241
200305,-0.10727417495273053
200306,-0.012142808307816083
200307,-0.0032011395798381
200308,-0.004508803850352169
200309,-2.7917129528161333e-05
200310,0.03782475125414338
200311,0.01480678758927191
200312,-0.05635114396144896
200401,0.025659752624520322
200402,-0.010408008801582084
200403,0.0015885081686661242
200404,-0.054111432035634816
200405,0.015483991090062647
200406,0.02040477544256395
200407,-0.023136761354475663
200408,-0.015786108082508007
200409,0.05356521727088069
200410,-0.014428290522168909
200411,0.031058348401929836
200412,-0.029891664654006854
200501,0.0305448511069676
200502,0.03357329751478241
200503,0.004426430468036143
200504,-0.006264489448438333
200505,0.004159426148355627
200506,0.020988445659630338
200507,0.00015456966685567508
200508,0.020144005199064893
200509,0.03361585919071934
200510,-0.014986496767705401
200511,0.002696832421228139
200512,0.007195636350526967
200601,0.027262568796470897
200602,-0.0191108462334751
200603,0.011923823580506268
200604,0.008255926722044886
200605,-0.03583695736185116
200606,0.014821463697763408
200607,-0.020614739367535415
200608,-0.0339049997840042
200609,-0.008301215013767248
200610,-0.0021676517354223476
200611,-0.009035526461827599
200612,0.00790108790313716
200701,0.0031282665292463527
200702,-0.014222312778568932
200703,0.0256113712130303
200704,-0.0028097969982336032
200705,-0.0019765449812934044
200706,0.004362679515361335
200707,0.02841855967344508
200708,-0.0003539252791891611
200709,0.045364693419018054
200710,0.05024395665750482
200711,0.009245296847817622
200712,0.06686439526711657
200801,-0.0783207004198399
200802,0.06125934369417785
200803,0.041891630015501696
200804,-0.005611990483784607
200805,0.03174873647900949
200806,0.12526238021736538
200807,-0.05150354797112828
200808,-0.0455475259605956
200809,0.005064833822862283
200810,0.07882474990889679
200811,0.07025112163242417
200812,-0.052241336805614116
200901,-0.01424577678071448
200902,0.04450543721651509
200903,-0.1210226836098407
200904,-0.34788343297275964
200905,-0.12531477173241076
200906,0.05371681031078843
200907,-0.05364147011304275
200908,-0.0924717772075673
200909,-0.050824051608074725
200910,0.02391267415318188
200911,0.0037560815924378987
200912,0.029903748583025767
201001,-0.05266735153150808
201002,0.03620950803488496
201003,0.03639874747236288
201004,0.03229063398535388
201005,-0.0031863571327840207
201006,-0.028899227399051174
201007,0.02004344079635338
201008,0.0010503174535902993
201009,0.013963574016547742
201010,0.014536349316061209
201011,0.02318105005542855
201012,-0.029267013870961797
201101,-0.004056250850830385
201102,0.02083121936181076
201103,0.03452662524369566
201104,-0.00014832147460583714
201105,-0.00584322037645538
201106,0.017250916160835288
201107,0.0017544096803754558
201108,-0.0019634727632376198
201109,-0.023577136810383523
201110,-0.013214633522462493
201111,0.04065007310231846
201112,0.019857028567937526
201201,-0.07802854430443332
201202,-0.004694809723882878
201203,0.014112979267443922
201204,0.037957513908413565
201205,0.0650436491783653
201206,-0.011405128262606597
201207,0.029409204808770704
201208,-0.023379384414859854
201209,-0.011506226165588763
201210,0.0024646471537107632
201211,0.004827969392525382
201212,-0.028050350659043596
201301,-0.017501412697174187
201302,0.011573090352089156
201303,0.019143192716291585
201304,0.0028873036861665063
201305,-0.01719865229443166
201306,0.003534266945279342
201307,0.018553657681331763
201308,-0.00037207243284347047
201309,0.02974810344770705
201310,0.00043168522400435436
201311,0.0038649956381078474
201312,0.0006523511427161677
201401,0.01615776959446656
201402,0.021201364555441846
201403,-0.03230828909319397
201404,-0.03771446120232873
201405,0.006657296563313179
201406,0.0046710058896713355
201407,-0.0017172712448806499
201408,0.008248942066632306
201409,0.006945125674410496
201410,0.0009068634386046465
201411,0.00825242423373113
201412,0.00963139652458049
201501,0.037222591325382144
201502,-0.031160773523531804
201503,0.026081973051883325
201504,-0.07156207948470858
201505,0.058003604352284355
201506,0.029928531733295547
201507,0.09806668699209473
201508,-0.020278750836694726
201509,0.050842531977187126
201510,-0.03438308672582973
201511,0.02409831606071101
201512,0.03555241026963056
201601,0.015270582833969329
201602,-0.04418336118093759
201603,-0.05176161934359673
201604,-0.06009376338328531
201605,0.016777687716623604
201606,0.04028464425167899
201607,-0.033592323529874485
201608,-0.03555486446366858
201609,0.0035611957166778235
201610,0.005828815295618239
201611,-0.04571905551620093
201612,-0.0023312697216189213
201701,-0.008856640051712585
201702,-0.01549964297135923
201703,-0.011017121385891197
201704,0.005237637781925216
201705,0.015774350890387822
201706,-0.0019092819054020438
201707,0.016902486890739275
201708,0.03231556338755495
201709,-0.013457780175211827
201710,0.041907410093102136
201711,-0.009592378206496527
201712,-0.01714244633686366
201801,0.04123674018004078
201802,0.03569108064507491
201803,-0.013067752743645593
201804,0.005034768649307777
201805,0.03883641110075183
201806,-0.022533652879128244
201807,-0.01406472069315301
201808,0.054533323533124525
201809,0.00028391186449003986
201810,-0.02095511288164001
201811,-0.011749623227014668
201812,0.02036143275949423
201901,-0.08660620706921446
201902,0.005753435940993437
201903,0.022485351161714788
201904,-0.028903904140223584
201905,0.07451807459318323
201906,-0.02216739295436851
201907,0.024569587549034322
201908,0.07382736490040014
201909,-0.06871060025699294
201910,0.0014259865962806054
201911,-0.026475867067917533
201912,-0.018782242107977437
202001,0.057951040714430066
202002,-0.0014927313552682842
202003,0.08025847318441567
202004,-0.05309804298782084
202005,0.006481590361169298
202006,-0.004945277654293978
202007,0.07778168124838632
202008,0.0033908057329367636
202009,0.03488856396943586
202010,-0.036100052662314586
202011,-0.11764364312336742
202012,-0.02249663406655053
202101,0.03926609198364664
202102,-0.08015059473474351
202103,-0.06404505934136112
202104,0.01256808170450512
202105,0.01036516616393604
202106,0.020861335707893988
202107,-0.01639391156625459
202108,0.026690230391608026
202109,0.016387594987884578
202110,0.036209441150515435
202111,0.012691547018950013
202112,-0.014081487497364462
202201,-0.017830409420538207
202202,0.02091150579378953
202203,0.028858392357783508
202204,0.05101067175283848
202205,0.023479623459787605
202206,0.01614198872485076
202207,-0.04043661851652276
202208,0.01908342698925843
202209,0.039181131756736876
202210,0.04291188695050345
202211,-0.009902464554010646
202212,0.06158022032468691
202301,-0.16671027500159133
202302,0.007874758322661959
202303,-0.031459137412022185
202304,0.01887626115205309
202305,-0.01636173637166556
202306,-0.031494990201984596
202307,-0.04269958166346309
202308,0.04111546640584231
202309,0.0009227667976808712
202310,0.02260270441620897
202311,0.0246746702254569
202312,-0.05757719686049764
202401,0.05387827999227475
202402,0.04683737616870782
202403,-0.003375894385785644
202404,-0.008032985067510844
202405,0.012100013716049463
202406,0.0058102632399912885
202407,-0.022592261239035266
202408,0.04544549496312332
202409,-0.00838400792352631
202410,0.025816802600710682
202411,-0.0012707118888988095
202412,-0.003229035587774945
202501,0.019770827701091807
202502,-0.010520480420088123
202503,-0.027718978969680022
202504,0.051882954812493685
202505,0.027996599506319816
202506,-0.027925271888674337
202507,-0.01322288747603113
202508,-0.04027609775590228
202509,0.042683004202914585
202510,0.006812090868744158
202511,-0.024202417768884144
202512,-0.022484744979404576
