date,MKT_RF,SMB,HML
200107,-0.021284,-0.021116238961377615,0.006773651308976419
200108,-0.062079999999999996,0.030753499063914704,0.02645468674838259
200109,-0.09429699999999999,-0.04388485348875783,-0.03798972769515521
200110,0.025647,0.050259125417675334,-0.038204075858610326
200111,0.07708899999999999,0.008124677909496003,0.018993422664943804
200112,0.016353999999999997,0.040813452572836834,0.018365340082388375
200201,-0.017366,-0.003587165779039164,0.04572822606807886
200202,-0.023,-0.000635324368642675,0.04944190913059589
200203,0.043398,0.02743661429190849,0.02383691996233378
200204,-0.0511,0.056272485616671766,0.046391346034735076
200205,-0.01191,-0.030786472065161243,0.027030566795211108
200206,-0.071559,0.023508335969712198,0.0170642179320762
200207,-0.082624,-0.04182842461196619,-0.05361697628879725
200208,0.006548999999999999,-0.0005228425211071582,0.022123454573349553
200209,-0.101323,0.027372258430377494,0.0027837090341025217
200210,0.07354000000000001,-0.025793808452097805,-0.07381979107450423
200211,0.060081,0.040719447134740495,-0.015620662260463936
200212,-0.054435,-0.011076061274561337,0.04139401242481682
200301,-0.024367,-0.0010330445319663567,-0.0048019699630700505
200302,-0.016317,-0.0037112999424333687,-0.01137913110430954
200303,0.009321,0.005237064227871761,-0.01634648494183618
200304,0.081768,0.012278722288552243,0.007173890571694666
200305,0.062571,0.04448004012862768,0.018830233434717875
200306,0.015345999999999999,0.00652673405367858,0.006488858313566978
200307,0.022412,0.05407356696196886,-0.018310176746414865
200308,0.024265000000000002,0.0361553636666518,0.009624778107927563
200309,-0.00992,-0.010174443358863533,0.003034671259221416
200310,0.059661,0.03479534932940668,0.017326529596330104
200311,0.015894000000000002,0.029696428149884522,0.006843277646332441
200312,0.044676,-0.022339672546911278,0.03396107944459364
200401,0.022342,0.024605458450617852,0.007206391823941467
200402,0.014843,0.0015407190957990972,0.011609354548433235
200403,-0.011562,0.012507778445458608,0.009184993043848387
200404,-0.025022,-0.019326938472182018,-0.0159271091626389
200405,0.013468,0.003798387934057898,-0.00867093921265512
200406,0.020811,0.027300991328800907,0.015516733276229818
200407,-0.038698,-0.02528328525329756,0.03448355883500523
200408,0.001603,-0.012336236482375768,0.013180993077897725
200409,0.019456,0.03228690202721934,0.002484134841276176
200410,0.016706,0.007976286454202229,-0.011166479342891444
200411,0.046714,0.04991630661875911,0.010058774938620854
200412,0.03357,0.001804617726211051,-0.004581943665438765
200501,-0.028146,-0.014114869109149303,0.02884409249241826
200502,0.021046,-0.006953989255060574,0.019258118156841468
200503,-0.019044000000000002,-0.004789710664473049,0.011564791774755771
200504,-0.027306,-0.036149517756090946,0.0020446523481025686
200505,0.035554,0.03270395940237673,-0.0062020688696968265
200506,0.009229,0.024488720906776777,0.0311232485500697
200507,0.040957,0.03108117873142794,0.0007134483727841423
200508,-0.008958,-0.012834368994463014,0.010662500882809688
200509,0.0077,-0.012985047162547966,0.0030219525829757806
200510,-0.023566,-0.003585143710857809,-0.016156302245996002
200511,0.037226,0.01273572026281164,-0.027010976147895962
200512,0.000258,-0.0010337403437650655,0.010127441783465717
200601,0.03657200000000001,0.05433836039722338,0.008308246167203444
200602,-0.005039,-0.002620242807612705,-0.01239730786840244
200603,0.015364999999999998,0.03962132013898807,-0.004717808562079789
200604,0.009399999999999999,-0.007797748466219693,0.03279732304793437
200605,-0.035332,-0.019662593579131894,0.025030337451236895
200606,-0.004391,-0.0017474053629177328,0.014217975503906624
200607,-0.005912000000000001,-0.04969053904838449,0.039286646083997775
200608,0.020841000000000002,0.0001297339131001822,-0.013499650053257525
200609,0.015325000000000002,-0.009960175530269556,-0.007063336986757995
200610,0.033053,0.02247713779114959,-0.0005461426197309605
200611,0.019537000000000002,0.013317430584758976,0.0004108795601240958
200612,0.006857,-0.010437253775003465,0.025331543073074687
200701,0.014987,0.007915601963061847,-0.01160732595650376
200702,-0.017806,0.01877304152048242,0.009213487554412552
200703,0.008654,-0.002250505011912452,0.00860117258935113
200704,0.035434,-0.015868894660485123,-0.010408788996554598
200705,0.034853,0.002247431034541225,-0.0019172981060124744
200706,-0.018747,9.985986403022139e-05,-0.007428443448972118
200707,-0.03579,-0.03044750523835627,-0.03988405521362264
200708,0.007392999999999999,-0.007456746709050688,-0.020991992958003268
200709,0.037621999999999996,-0.02655545453234469,-0.024979550167734142
200710,0.022709999999999998,-0.004353047174981497,-0.03229975955927676
200711,-0.052762,-0.03193361573572708,-0.006012312694231553
200712,-0.007105,-0.008175979957210748,0.006885608057854589
200801,-0.064318,0.002145652080782129,0.03868336039793335
200802,-0.022997,0.0021408137911939525,-0.007607593348450306
200803,-0.012144,0.001326417864068319,0.005227090894989499
200804,0.049399,0.0006377713919759331,-0.013426310292946109
200805,0.022135000000000002,0.02369500626695943,-0.00607595495908048
200806,-0.08013600000000001,-0.0022494151760770326,-0.015316875400781027
200807,-0.014913,0.03694427453996833,0.037766213334904875
200808,0.009297,0.034806178844218764,0.017838804576388582
200809,-0.099672,-0.014869562837078083,0.07851887794185058
200810,-0.185633,-0.009215201398847572,-0.016565127510760835
200811,-0.084981,-0.010088272733726825,-0.03881537209802349
200812,0.022232,0.05120614354729465,-0.009010375523850776
200901,-0.077471,-0.01148100590800287,-0.10185828271674358
200902,-0.10026600000000001,0.008207957725572895,-0.07691684217151087
200903,0.086603,0.0012280726854759921,0.026436649005247892
200904,0.10936599999999999,0.05182718598685167,0.0317158789472792
200905,0.067787,-0.04419813966564941,-0.00027906418232537256
200906,-0.003119,0.013028022771144173,-0.013245309674102299
200907,0.081679,0.024491364104146318,0.052232860077846166
200908,0.03141,-0.004135116583524195,0.09469060206010005
200909,0.045181,0.02796210614207069,0.0006126757454401471
200910,-0.028072,-0.03316634904300605,-0.04673315010862139
200911,0.057075,-0.0174929555090029,-0.005341921498353115
200912,0.028375,0.06944752121302528,-0.008496173123859474
201001,-0.037172,0.001386584741016772,0.013699277020046176
201002,0.034744,0.015327251706390842,0.025781947871716268
201003,0.063568,0.01515871193423067,0.019251806594187695
201004,0.019936000000000002,0.052122338304405505,0.02997734635873532
201005,-0.07934000000000001,0.0006432718963481215,-0.02807761864663859
201006,-0.05088,-0.02829090209336297,-0.025472933246243584
201007,0.07026,0.007066883908177682,0.002170945089870077
201008,-0.042963,-0.025703723959040824,-0.015276665788503521
201009,0.091528,0.039087573118375143,-0.028662480235531307
201010,0.038491,0.007420615994881981,-0.02225073828509504
201011,0.005017,0.039308420706826594,-0.008736589116118826
201012,0.067082,0.004873427691491794,0.03449104574931468
201101,0.019083,-0.01832290094174363,-0.004893365325016094
201102,0.038056,0.024948990694710793,0.006165344798344671
201103,0.003241,0.0320232577537354,-0.013110666820756872
201104,0.028597,0.0017841918200348812,-0.026172861091486352
201105,-0.014948,-0.004791339287319153,-0.020413588202859545
201106,-0.018447,0.002038510515974064,-0.006973434333496682
201107,-0.022534,-0.007992737166665435,-0.021569596605459516
201108,-0.057664,-0.02572012410712602,-0.024252770276237234
201109,-0.084983,-0.04259456231022085,-0.018722469441849215
201110,0.114146,0.04872135224071071,0.004240675275392819
201111,-0.00627,0.006024636712820341,-0.007385066810701286
201112,0.003676,-0.011618696028277628,0.020509152825263322
201201,0.054106,0.022732570639748144,-0.01416864368198393
201202,0.041225,-0.015629155717257443,0.0046247529057621
201203,0.02402,-0.015173989810038237,0.0050931702469916365
201204,-0.006829,-0.0031695161607829554,-0.0057536730523670004
201205,-0.06569,-0.00567863390633655,-0.0047883674674491575
201206,0.038151,-0.002593852932440986,0.01067914195337532
201207,0.010307,-0.01704361968052285,-0.011683057857532545
201208,0.026217,0.009681585693146123,0.006464476044768755
201209,0.026413,0.006498306011076104,0.017680494029957
201210,-0.014155,-0.0010915273080938674,0.03387077950691453
201211,0.006117,0.01632765986457427,-0.012300626230359813
201212,0.012469000000000001,0.017204552591072238,0.03461793046840904
201301,0.054142,0.007273256061567014,0.01621360113302335
201302,0.008282,0.0012541292474410604,0.009272345942997699
201303,0.035295,0.010003084307599719,-0.0011847943407448172
201304,0.014939,-0.026585191842525172,0.006038577312281897
201305,0.019128,0.021627030021892462,0.017729948704485916
201306,-0.015072,0.0063755272442136334,-0.0047650397686187
201307,0.052658,0.018016399255161457,0.0067670943269822065
201308,-0.02575,0.009121791337341183,-0.025234200849373764
201309,0.037497,0.03415884657125315,-0.021786199808550302
201310,0.039888,-0.008512494202413047,0.007582424604700738
201311,0.024956,0.00572872634651031,-0.0023227271322999524
201312,0.02614,-0.00022535499752403612,-0.0025638812543882783
201401,-0.03002,0.003178314619781075,-0.01750642689385619
201402,0.046198,0.011027414684851196,-0.012246900877486408
201403,0.00454,-0.011876180135262383,0.04726709146549682
201404,0.001573,-0.034068310287969375,0.007995970734880868
201405,0.020254,-0.014625615846263096,-0.006564819214985952
201406,0.027973,0.029539505077072044,0.0033148801661116306
201407,-0.020555,-0.03911995695222474,-0.0007527942166287369
201408,0.040205,0.007695508099520382,-0.009875146409729363
201409,-0.025196,-0.042155490052950585,-0.014834517231289899
201410,0.021164,0.0401426203283045,-0.014802249412136717
201411,0.021104,-0.02015332624729755,-0.035789627634584514
201412,-0.003659,0.01900457727645481,0.01669472395356158
201501,-0.027163,-0.001543441161099321,-0.039631637249164596
201502,0.055915,0.007795650251208895,-0.022108351906790544
201503,-0.010397,0.030684292693117815,-0.006711305024785532
201504,0.008766,-0.03169132106929406,0.020873698445189368
201505,0.010277,0.010888093646292344,-0.01828557205881689
201506,-0.019231,0.021933431952142673,-0.0014578973382014197
201507,0.012108,-0.04024257840329608,-0.029588816991205906
201508,-0.059926,0.009644102204335384,0.01817585004703348
201509,-0.033756,-0.02412934283890141,0.0022987164095508925
201510,0.073937,-0.01698384531793669,-0.004178292455430957
201511,0.002404,0.02681307528144653,-0.005763690816602236
201512,-0.022309,-0.032500882834290604,-0.018287176353394916
201601,-0.057185,-0.02333198676969643,0.015765321798416006
201602,0.00042,0.018680442052349495,-0.0071634336531706975
201603,0.07029099999999999,0.00612056098764048,0.01605325988223466
201604,0.011618,0.006092134434382225,0.0322825436854486
201605,0.014240000000000001,-0.00255568203344865,-0.01723490666090286
201606,0.002747,-0.003516277577745766,0.0068399152020525164
201607,0.038615000000000003,0.028232419072250194,-0.009176631383678698
201608,0.0026,0.015031557248503108,0.01755898846155858
201609,0.002813,0.01404119683298862,-0.00409313247881468
201610,-0.021744,-0.0339529757601913,0.03787932804063355
201611,0.040388,0.06680192598844384,0.07406755916418455
201612,0.018462999999999997,-0.005508582602074041,0.03099869526280935
201701,0.021752999999999998,-0.006803572804840967,-0.02402739536982349
201702,0.032198000000000004,-0.020319546503277393,-0.014731487050005154
201703,0.0017620000000000001,0.004988132842376755,-0.03641478871167689
201704,0.009155,0.007127576004034856,-0.024334047818534345
201705,0.008735,-0.025342391489134808,-0.04318026183005134
201706,0.008971,0.02106060642271186,0.015341610092224997
201707,0.019577,-0.010121228703088597,0.005734562322107825
201708,0.0007000000000000001,-0.016055106658338,-0.019059320878313152
201709,0.022829,0.04107624906138002,0.01557594926402596
201710,0.018375,-0.013240771516698184,-0.005957052810065103
201711,0.026431000000000003,-0.0012703482969837337,-0.007909017988858923
201712,0.011222000000000001,-0.013811196676251032,-0.0004804332994114476
201801,0.049477,-0.02548127536991095,-0.02618790936129827
201802,-0.040554,0.0018669195854854534,-0.012938770951619948
201803,-0.019621,0.03804083173690822,-0.0021350373195876543
201804,0.003279,0.0013659441479840387,0.00585347213818554
201805,0.024745999999999997,0.04816435157295361,-0.03292634462783523
201806,0.003959,0.0037314402100082954,-0.007246142089536579
201807,0.029972999999999996,-0.01729086266243569,-0.00035895249860566983
201808,0.028626,0.021253323584801958,-0.04989456125956666
201809,-0.001075,-0.024544066406159314,-0.013162339229008299
201810,-0.075945,-0.03740068675677627,0.031170553653981234
201811,0.016712,-0.0066880958529265625,-0.00023152862260042081
201812,-0.09179,-0.02546005541096552,-0.013522397244202317
201901,0.08619399999999999,0.027376708900914273,-0.003138609028873446
201902,0.030924000000000004,0.02489932171673093,-0.026279090055020615
201903,0.011061999999999999,-0.029816432362312458,-0.03130051205757906
201904,0.035793000000000005,-0.004620685400577605,0.009489595256914202
201905,-0.063779,-0.012501951515137597,-0.014650232691463913
201906,0.06547900000000001,0.0065728896785270385,-0.010332305702006633
201907,0.009954,-0.007605570564618017,-0.0003542416100924886
201908,-0.021939,-0.03667206650521902,-0.03846209398550524
201909,0.014232999999999999,-0.004589887227037594,0.0648945998698283
201910,0.017757,-0.0006941676568019452,-0.012046228744147649
201911,0.033799,0.004929494413115895,-0.022398673306198325
201912,0.027089000000000002,0.00013006666382340756,0.014343547705245398
202001,-0.003028,-0.028574215930368636,-0.06448174122137769
202002,-0.07911800000000001,0.004708596918924002,-0.03620257819695248
202003,-0.142933,-0.06394070825134981,-0.12250227839712702
202004,0.129674,0.025911978007629316,-0.012576404517521289
202005,0.053639,0.026396667733956318,-0.0593456761398214
202006,0.025199,0.023469794588947775,-0.034616428662740256
202007,0.055431999999999995,-0.01301423348232017,-0.027730400922237153
202008,0.068342,0.0029342253825498515,-0.04766632114264778
202009,-0.035156,-0.0020945632897933636,-0.02541418560645121
202010,-0.020278,0.04635334376593757,0.036254673299755784
202011,0.123607,0.061167621470085004,0.013071235407109805
202012,0.044947999999999995,0.053099415892294916,-0.021103052495483374
202101,-0.000631,0.07400967484119933,0.023232596223042815
202102,0.029196,0.021443351311842614,0.07868463240943611
202103,0.030573,-0.02560155898438249,0.08847845825053134
202104,0.04819,-0.0314821742695781,-0.002763709361565149
202105,0.007092,-0.00028917160191250027,0.06413219599974843
202106,0.023422,0.012090827645234562,-0.06949294457328282
202107,0.011828,-0.03765622450829803,-0.022974874195167676
202108,0.027146,-0.00413665933821453,-0.004204762569584023
202109,-0.042243,0.010016493720532729,0.052611997774907764
202110,0.064651,-0.027179587803266833,-0.004520835194002849
202111,-0.018351,-0.013995162722357297,-0.011450076693850453
202112,0.033241,-0.017689481750826457,0.04057956926469853
202201,-0.059822,-0.05431610571562574,0.1331748610811499
202202,-0.021838,0.018359479162443595,0.039791301329688875
202203,0.030506,-0.017712206325880796,-0.009400941110346731
202204,-0.089387,-0.00897496233929665,0.06798717173238499
202205,-0.0024129999999999998,-0.015315759796485938,0.09454409303754283
202206,-0.084597,0.012783228397144228,-0.0507064253339016
202207,0.089551,0.02593701015289389,-0.048212639846645894
202208,-0.038133,-0.0006113702703683943,0.018925185017636507
202209,-0.093223,-0.010489301772017443,0.0003542942276325983
202210,0.07509400000000001,0.0061457924881793274,0.07998421137439565
202211,0.049454,-0.03450712567357385,0.014270460976663915
202212,-0.060419999999999995,-0.00869228951263517,0.009474093093499239
202301,0.068323,0.04995954016638971,-0.03325203984337703
202302,-0.028066,0.011488485112165603,-0.010986542311836944
202303,0.02035,-0.056280977596639456,-0.09037864000645207
202304,0.005476,-0.038881408205610875,0.0019316355624357856
202305,-0.002891,0.014069041204212231,-0.07594798616867446
202306,0.062183,0.018907996311393754,-0.006709424580118514
202307,0.031117000000000002,0.02958522130670023,0.03594141107912461
202308,-0.025108000000000002,-0.033274775636523285,-0.007469345502012226
202309,-0.051691,-0.026826278372606552,0.013453280769555626
202310,-0.033565,-0.04253433236826844,0.0020897554538801336
202311,0.087653,0.005634900669554577,0.0073650610999389104
202312,0.049303,0.07173656422414748,0.03159293501595828
202401,0.0028600000000000006,-0.05985770810180951,-0.017305882749026034
202402,0.046383,0.0011522769863656357,-0.03846231136304305
202403,0.02815,-0.018226837596293847,0.04259272254050807
202404,-0.047423999999999994,-0.030518987497634667,-0.0026938038346287357
202405,0.042152,0.006740750636559975,-0.011343496243905987
202406,0.021973,-0.034053293811258795,-0.04236030232503338
202407,0.015376999999999998,0.07445990404518782,0.05490121561929646
202408,0.01677,-0.03724487957654838,-0.007302789778112682
202409,0.01697,-0.0016447253877418001,-0.021138094927080315
202410,-0.012199000000000002,-0.012722649226114347,0.01327728366964613
202411,0.060858999999999996,0.05692067871449394,-0.014145798841951426
202412,-0.035281,-0.030502312968860655,-0.026776931262064103
202501,0.028592,-0.021786679513819,0.018387409141289092
202502,-0.020866,-0.05596897038135977,0.045262201778305214
202503,-0.058523,-0.030431315366785124,0.035826649061972006
202504,-0.00711,-0.007369703135989832,-0.03858125278962236
202505,0.057467000000000004,0.012604249069053122,-0.04034896664168837
202506,0.045846,0.00823356445503614,-0.01576170433602042
202507,0.016391,0.0017090240220299334,-0.017331358551528273
202508,0.020322,0.039752707931949294,0.04800704531454857
202509,0.032326,-0.01370770358400085,-0.019915121812932632
202510,0.015583999999999999,0.0007183818081296818,-0.04540383391572743
202511,-0.001003,-0.008801623881252987,0.054434221302898864
202512,-0.0021030000000000003,-0.006722076099469686,0.01124630624147082
